Text,Actual Sentiment,Predicted Sentiment,Positive Probability,Neutral Probability,Negative Probability,Group
"CHEM 120 is a course that basically all science students have to take. There are 2 midterms and a final. The first midterm is about stoichiometry, which is essentially a lot of calculations and formulas. The 2nd midterm is more theory based and is about things like Lewis structures and periodic trends. The midterms were both also out of very little( 1st was out of 12, 2nd was out of 16 or 18 iirc), so it can be a little annoying but they were both VERY fair. The content itself can be a little hard to grasp at time, but with practice you will understand. There's also a ton of practice problems available in the course notes and online assignments. Make sure to do the practice problems( especially the ones in the sample midterm) and really understand them because they are often times VERY similar to the ones found on the midterms. The profs for this course will often do review sessions before the midterms and finals, and it's a good idea to attend them because they will go over questions and it's a good opportunity to clarify things you don't understand. They also all record their lectures which is very nice. There is also quite a bit of grade 12 review. If you're thinking about being a keener and buying the textbook, DON'T! Save yourself the money and buy something else!!!! I bought it and barely opened it because we already had so many practice problems available to us. The course notes are basically all you need, and if you have Prof. Sciani, his powerpoint notes are very good too.",Positive,Neutral,0.19621600121229543,0.5427841779103928,0.26099982087731183,negation
"She's a good professor who is very passionate about what she is lecturing about which makes it more interesting as a student. However, there is quite a bit of reading that are very dry and boring to read.",Neutral,Negative,0.392802070663092,0.18119305312195383,0.42600487621495414,mixed sentiment or ambiguous
I enjoyed it,Positive,Neutral,0.34452843141476763,0.5491167095683404,0.106354859016892,short text
"Computation is pretty easy which is 60% of the course, I may be biased but I can't do a proof to save my life so I found the course difficult overall",Negative,Neutral,0.17824318037676462,0.6840570332094387,0.1376997864137966,negation
"Took this with Laura Hug and it was a lot more interesting than I anticipated; we made sauerkraut in class ! Didn't like the lab too much, but it's biweekly and relatively chill. The midterm and final was fair, take some notes as you go along, there were clickers, and a term paper. The delivery of the course and lectures were well organized.",Positive,Neutral,0.1991968986186645,0.6043238399901776,0.196479261391158,mixed sentiment or ambiguous
"Broad range of topics to being, but quickly narrows down. The concepts and the understanding is fairly easy if you pay attention and go to class( or watch the lecture videos). Can be very "" mathy "" but there are many tips in tricks to figure out if your struggle with math. An 100 % is very attainable.",Positive,Neutral,0.2224654190115462,0.7176511778546597,0.059883403133794054,mixed sentiment or ambiguous
"I enjoyed his teaching. He gives real life examples of what he's talking about and does little analogies that help you remember concepts. He thought the second part of the course( genetics and gene expression)- it is a rather tedious subject to learn, BUT if you follow his study guides you should do fine. Also, his quizzes are harder than his test",Neutral,Positive,0.4975261209182263,0.29230744761466126,0.21016643146711253,mixed sentiment or ambiguous
Very similar to 120L. Pretty easy.,Positive,Neutral,0.3514076971612814,0.6077364880239413,0.04085581481477745,mixed sentiment or ambiguous
"While I generally liked this course, it was really difficult for me to keep up. I'm a fourth year student and even I struggled with the amount of work that was assigned each week. For a 100-level course, the expectations for students are very high and schedule is rigorous. You even lose marks if you miss more than 3 classes, which I found quite unfair especially considering that it was being taught during the pandemic. You will definitely leave with a decent understanding of basic German, but be prepared to do a lot of work. Additionally, the course is taught almost entirely in German from the get-go, and the textbook is written entirely in German. I think this is a huge flaw, as I had to continually translate everything on the internet as we progressed through the term. It's really hard to get a good grasp on the language when everything is introduced and explained in the language you are trying to learn.",Negative,Neutral,0.23800185760135023,0.3880223902516892,0.37397575214696044,mixed sentiment or ambiguous
Learn nothing but gain a super high mark. Good course for those who want to switch programs or apply coop. Everything is common sense so nothing needs to memory.,Neutral,Negative,0.26555191004483314,0.3539286978214075,0.3805193921337594,mixed sentiment or ambiguous
"Solid professor. Knowledgeable and enthusiastic. The midterm and final were incredibly difficult, and he's not a fan of curving. Even though it's difficult, it's fair. I ended up learning a lot.",Positive,Neutral,0.14053835651363858,0.5497918357259113,0.30966980776045017,negation
"She doesn't repeat what students say. she tried to alphabetize us, then memorize our names... there's 300 of us. and she thinks that everyones answers are correct.",Neutral,Negative,0.1073396633295365,0.07908830663222836,0.8135720300382352,negation
"Are you in cs? Don't play yourself- take math 128 instead of 138. Weekly it took me only a couple hours to do the practice problem set before a quiz and that's literally it ever. Content is way easier( practically no proofs), its just all computation.",Positive,Negative,0.2886206687128449,0.28986643417130115,0.42151289711585394,negation
"Highly prof-dependent course, especially since the intention is to have some"" current topics"" in software engineering post-midterm which can be whatever each prof feels like including. However, expect common topics like GoF OOP design patterns( extending CS247) and standard architectural styles as well as some definitions and simple concepts related to architecture and design. We also had some OOP type theory( generics, variance) and static analysis( software testing tools and annotation type frameworks like the Checker Framework). Dietl changed the course to not have a major software project because SE 390 already has some. Instead, we had a design assignment , architecture assignment , and reading assignment( reading+ summarizing software papers) each worth 10%, and they were great for exposing us to real-world , practical architectures. Midterm and final are fair, especially if you attended class. Tutorials were completely empty and useless; do not go unless you have specific questions to ask the TAs or know for sure that they have content prepared to go over( or you just want to get other work done in a room that's booked for 50 min). Lectures were good, and promoted collaborative learning.",Positive,Neutral,0.18271600518038902,0.471796622996227,0.3454873718233841,negation
"lectures were extremely boring, some of the stuff if probably outdated , but still pretty useful",Negative,Neutral,0.0708101659138678,0.7368127075912039,0.19237712649492822,mixed sentiment or ambiguous
"If you take it with Ori, the notes are very difficulty because his power points don't have notes so you have to pay attention. Sadly this was my lowest grade this semester.",Negative,Neutral,0.24637282968668459,0.4172520664343347,0.3363751038789807,negation
"This class is cool, I've learned a little bit, but he doesn't really force you to learn that much. There are assignments due almost every friday, but they are pretty easy and he grades them easily. He usually lets you out early everyday, and there are computers in the class room, Usually he doesn't even teach one or two days a week,",Neutral,Negative,0.3298746776920905,0.16408553978884807,0.5060397825190615,negation
Interesting course. Assignments can be challenging so start those as soon as possible. Midterm and Final were straightforward.,Positive,Neutral,0.29805738955742994,0.6005307267788835,0.1014118836636866,mixed sentiment or ambiguous
"Great professor. A lot of writing, but all great topics. She will challenge you. Only bad thing is, she is a very liberal thinker and tries to push it off on you. For example, she will have you read liberal papers for homework. Other than that , she is great.",Neutral,Positive,0.7382625526824613,0.1526437887508971,0.10909365856664163,mixed sentiment or ambiguous
"I really didn't care for this class. It was boring and I hardly learned anything. It was easy to get a high mark, though.",Neutral,Negative,0.14554835738271324,0.3934774230594218,0.46097421955786505,mixed sentiment or ambiguous
Come to class ready to make a tally of how many times Illman mentions fish or Japan.,Neutral,Negative,0.29124736510650945,0.26187046110427115,0.4468821737892194,mixed sentiment or ambiguous
Tests are open book and pretty straight forward. Not hard to do decently in.,Positive,Negative,0.3074093330863956,0.3457149834094638,0.3468756835041405,negation
pray you have good/ responsible teammates or else is course is rly annoying lol.. a lot of group work / presentations,Negative,Neutral,0.20778830773167153,0.5209838030320214,0.27122788923630714,mixed sentiment or ambiguous
"A lot like AFM101, but looks deeper into topics.",Positive,Neutral,0.10486236555432805,0.7834807999203837,0.11165683452528834,mixed sentiment or ambiguous
"The midterm average was like 25 %, which really set the tone of the course.",Negative,Neutral,0.2912820521491742,0.4023177181535715,0.3064002296972544,mixed sentiment or ambiguous
This course was very straightforward and lacked the amount of difficulty of some other courses. I particularly enjoyed the public speaking aspect.,Neutral,Positive,0.471334535228999,0.3315861141400717,0.19707935063092935,mixed sentiment or ambiguous
"I enjoyed doing most of the assignments in this course, and I think C is a lot better / useful than Racket.",Positive,Neutral,0.26834917759713156,0.5341986221077367,0.1974522002951318,mixed sentiment or ambiguous
I was in a summer course online so the workload was pretty heavy but it was interesting and manageable. Fair grader and gives chances for make-up.,Positive,Neutral,0.3980323770866552,0.5043327718533692,0.09763485105997556,mixed sentiment or ambiguous
"Lots of readings, Weekly Quizzes on multiple chapters, Few assignments, Tough Grader. You either do really good or really bad in her class. No tests, one big group project and one final quiz.",Neutral,Positive,0.39475112111813543,0.24322891059865784,0.3620199682832068,negation
Bird course! Took it with Predrag Rajsic this term( winter 2021 online). Took the review quizzes without reviewing the week's material( since the material is a lot like econ101 but just more in depth) and ended up with a 7/8 out of 10. As for the midterms we had 3 of them. Not very difficult. Studied all the midterm contents 3 days before midterm. Note that the midterm is closed book so you really need to learn in advance in contrast with the review quizzes. This course does not require a lot of work and is a great break from all the other math / cs courses. Definitely recommend taking it with Predrag and listening to the lecture recordings if you can't attend the synchronous class!,Positive,Negative,0.19692248626302578,0.28535296255153636,0.5177245511854379,negation
During the course the difficulty level of the course is comparable to other courses in 1A. But the exams are wayyyyyyy harder and in order to do well students should be extremely familiar with all the concepts behind everything so they are prepared to solve unfamiliar types of problems.,Negative,Neutral,0.15216411410740194,0.474337653933905,0.3734982319586931,mixed sentiment or ambiguous
"A test/ week, a lab report/ week. tests are on the begining of the class. You need to study hard and be able to use basic knowledge to solve harder questions on the test. However, you'll learn a lot. Helpful to future study.",Positive,Neutral,0.27129292974179886,0.5002051554851583,0.22850191477304288,mixed sentiment or ambiguous
"Lots of course content, involving lots of different drugs and pharmaceutical concepts. Can be difficult to study for, due to a large amount of course content.",Negative,Neutral,0.0980856815012876,0.6838095331005858,0.2181047853981265,mixed sentiment or ambiguous
A lot of practice problems are required to do well in this course. The textbook matches the midterm and final exam. Interesting material.,Positive,Neutral,0.3599295041772751,0.42605481456650407,0.21401568125622097,mixed sentiment or ambiguous
"A brilliant professor! Very challenging, but insightful too. Learned a ton ( a little more than I wanted to ).",Neutral,Positive,0.46150758074657106,0.30787544996635385,0.2306169692870751,mixed sentiment or ambiguous
"This course was basically a review of high school Grade 12 theory or RCM Grade 2 Theory. So I found it pretty easy. There was also some sight singing, which I liked.",Positive,Neutral,0.14174698193110874,0.7423313550948667,0.11592166297402456,mixed sentiment or ambiguous
Saying this university has third world standards in all facilities is an understatrement. Horrible place indeed!,Negative,Positive,0.4937642563175799,0.2308942005731334,0.27534154310928666,mixed sentiment or ambiguous
"I'm not going to lie, this course was made a lot more awesome because of the prof.",Positive,Negative,0.2610539046308015,0.19148507006117155,0.5474610253080269,negation
Make sure to do all the textbook problems!,Positive,Neutral,0.3552384048082713,0.49455898837285206,0.15020260681887673,mixed sentiment or ambiguous
The programming language( Scheme/ Dr. Racket) wasn't a very good program to use but the concepts behind it are the same I guess...,Negative,Neutral,0.10489703409553765,0.7478707917182787,0.14723217418618378,negation
"I found this course to be quite difficult, but my profs, Yu Ru Liu and Wentang Kuo, made it bearable with their office hours; 10/10 will take any course with either of them again!",Positive,Negative,0.34561712889122154,0.21955937440482473,0.4348234967039537,mixed sentiment or ambiguous
Easy A. Just pick the answer that trashes men and 100%.,Positive,Neutral,0.3430612282364242,0.3886134514882769,0.26832532027529876,mixed sentiment or ambiguous
"Best course I've taken, assignments are interesting, Brad is a great lecturer. A ton of C ++ concepts are thrown at you but you get a lot of time on assignments so it feels quite fair. Final project is incredibly big and time-consuming but very interesting and looks pretty good on a resume.",Neutral,Positive,0.527578307509711,0.41568202886268607,0.05673966362760285,mixed sentiment or ambiguous
"One of the most boring courses in the entire program even though it's one of the most "" mechanical "". First 2 units of the course are actually quite good even though it's mostly just a review of MODS. However, the course takes a drastic dive afterwards. Fatigue is all I felt during the entire unit about fatigue. I also never cared enough about shafts, fasteners, or weld designs to be interested by anything in the second half of the course. This is generally regarded as one of the "" easier "" courses in 3B, but it's still not interesting.",Negative,Neutral,0.08428732788928879,0.6693049640209944,0.24640770808971676,negation
"this class isn't hard to understand and pass. As long as you turn in all work and take notes you should be good. one tip, at the end of the semester make sure you check that she put in all the grades correctly for your assignments. I turned in everything except for one assignment and in all assignments I got perfect scores but she gave a "" C "".",Neutral,Positive,0.4148971798602292,0.35057705288601754,0.23452576725375324,negation
"Overall, I would consider this a bird course. It was really useful, and you focused on your own mental health for a change. It was 4 quizzes followed by an ongoing mental wellness project focused on your own mental health, and some activity posts( like 3 of them). The work-load was very minimal, definitely take this during a stressful term to ease up your workload, and also better yourself. The quizzes themselves were open book and mostly involve testing course content, if you lightly trimmed through readings you can get an idea for how to answer the questions during the quiz for the reading ones. Quizzes were mostly multiple choice followed by 1-2 short answer, you had MORE THAN enough time to finish the quizzes.",Positive,Neutral,0.34738614005236795,0.41889828820565,0.23371557174198213,mixed sentiment or ambiguous
"Tr \ xc3 \ xa8s dynamiques et r \ xc3 \ xa9pond \ xc3 \ xa0 toutes les questions avec beaucoup de pr \ xc3 \ xa9cision et d'exemples. Examens assez simple, except \ xc3 \ xa9 lui de mi-session.",Positive,Negative,0.36622274203139393,0.2647413233502812,0.36903593461832485,mixed sentiment or ambiguous
It is a good university with the good career sevice and facilities. I did not join any clubs so I do not know how it is.,Positive,Neutral,0.2886120948565048,0.43721122544145935,0.27417667970203585,negation
I found this lab to be fairly challenging but kinda cool at times. Every TA I had sucked.,Negative,Neutral,0.1158650137449527,0.6190039393935041,0.26513104686154315,mixed sentiment or ambiguous
Awesome prof. Crappy exams.,Neutral,Positive,0.714995719091511,0.15965795335254318,0.12534632755594566,short text
