text,label
The librarians are very helpful.,Positive
The librarians are very practical and the internet connection is excellent.,Positive
The classrooms are amazing.,Positive
The librarians are beautiful.,Positive
The internet connection is excellent.,Positive
The hostel is amazing and the internet connection is beautiful.,Positive
The internet connection is well structured and the college campus is excellent.,Positive
Extracurricular activities are very supportive.,Positive
The teaching is beautiful.,Positive
The college campus is good.,Positive
The classrooms are very practical and the teaching are beautiful.,Positive
The teachers are very practical.,Positive
The teachers are great.,Positive
The hostel is very practical and the internet connection is amazing.,Positive
The teachers are amazing.,Positive
The laboratory facilities are nice.,Positive
The college campus is beautiful and the hostel are well structured.,Positive
The teaching is well structured.,Positive
The teachers are amazing and the teaching are very helpful.,Positive
The hostel is very practical.,Positive
The classrooms are amazing.,Positive
The professors are good.,Positive
The classrooms are well structured and the college campus is very supportive.,Positive
The hostel is very helpful.,Positive
Extracurricular activities are good and the college campus is very supportive.,Positive
The teachers are excellent and the internet connection is beautiful.,Positive
The teachers are very practical.,Positive
The college campus is nice and the laboratory facilities are very supportive.,Positive
The teachers are very helpful and the librarians are very practical.,Positive
The college campus is nice.,Positive
The teachers are very supportive and the internet connection is excellent.,Positive
The librarians are very supportive and the professors are good.,Positive
The college campus is very helpful and the teachers are very helpful.,Positive
The librarians are very supportive.,Positive
The hostel is good.,Positive
The librarians are very helpful.,Positive
The librarians are very practical and extracurricular activities are great.,Positive
The hostel is very practical and the teachers are amazing.,Positive
The college campus is very practical.,Positive
The laboratory facilities are very practical and the librarians are very practical.,Positive
The internet connection is very supportive and extracurricular activities are very practical.,Positive
The librarians are very helpful and the professors are beautiful.,Positive
The professors are amazing and the college campus is very supportive.,Positive
The college campus is beautiful.,Positive
Extracurricular activities are nice and the college campus is good.,Positive
Extracurricular activities are very helpful and the classrooms are excellent.,Positive
The teachers are very helpful and the classrooms are well structured.,Positive
The laboratory facilities are very helpful.,Positive
The college campus is very practical.,Positive
The internet connection is amazing and the teachers are amazing.,Positive
The laboratory facilities are well structured and the teaching are great.,Positive
Extracurricular activities are amazing.,Positive
The laboratory facilities are very practical and the teaching are very practical.,Positive
The teachers are amazing and the hostel are amazing.,Positive
The hostel is nice.,Positive
The teaching is amazing and extracurricular activities are amazing.,Positive
The hostel is great and the librarians are good.,Positive
The classrooms are excellent and the teaching are very helpful.,Positive
The professors are excellent.,Positive
The college campus is nice and the teaching are very supportive.,Positive
Extracurricular activities are amazing.,Positive
The laboratory facilities are nice and the teaching are good.,Positive
The hostel is beautiful and the professors are great.,Positive
The classrooms are excellent.,Positive
The laboratory facilities are well structured.,Positive
The college campus is great and the teachers are great.,Positive
The college campus is very supportive.,Positive
The hostel is great and extracurricular activities are very supportive.,Positive
The classrooms are amazing.,Positive
The classrooms are well structured.,Positive
The teachers are well structured and the classrooms are great.,Positive
The professors are beautiful.,Positive
The internet connection is great and the librarians are very helpful.,Positive
The internet connection is very helpful and the laboratory facilities are very helpful.,Positive
The teachers are well structured.,Positive
The hostel is well structured and the classrooms are nice.,Positive
The librarians are excellent.,Positive
Extracurricular activities are good and the hostel are very practical.,Positive
The classrooms are well structured and the college campus is very supportive.,Positive
The librarians are excellent.,Positive
The hostel is well structured and the college campus is very helpful.,Positive
The college campus is very helpful.,Positive
The librarians are good and the laboratory facilities are nice.,Positive
The professors are excellent and the internet connection is excellent.,Positive
The college campus is very practical.,Positive
The librarians are beautiful and the teachers are great.,Positive
The librarians are nice and the internet connection is very supportive.,Positive
The college campus is well structured and the professors are very helpful.,Positive
The laboratory facilities are amazing and the internet connection is nice.,Positive
The librarians are great.,Positive
The teachers are well structured and extracurricular activities are very helpful.,Positive
Extracurricular activities are nice and the college campus is well structured.,Positive
The classrooms are nice.,Positive
The teaching is great.,Positive
The college campus is very practical.,Positive
Extracurricular activities are very helpful.,Positive
The classrooms are beautiful and the laboratory facilities are great.,Positive
The laboratory facilities are well structured.,Positive
The laboratory facilities are amazing and the college campus is very supportive.,Positive
The teachers are excellent and the hostel are beautiful.,Positive
The teachers are very helpful and the laboratory facilities are excellent.,Positive
The teachers are very nice and the librarians are very helpful.,Positive
teacherc are very nice and librarians anr very help full,Positive
The teachers are hardly equipped.,Negative
The hostel facilities are terrible.,Negative
The administration process are too noisy.,Negative
The library is very poor.,Negative
The classrooms are hardly equipped and the teaching are too noisy.,Negative
The teaching is very poor and the administration process are not good at all.,Negative
The hostel facilities are too noisy and the teachers are too noisy.,Negative
The infrastructure is not helpful and the teaching are poorly maintained.,Negative
The infrastructure is unhygienic.,Negative
The administration process are not good at all.,Negative
The infrastructure is very slow.,Negative
The laboratory equipment are unhygienic.,Negative
The teachers are very poor and the hostel facilities are very slow.,Negative
The classrooms are very poor.,Negative
The professors are terrible and the hostel facilities are too noisy.,Negative
The infrastructure is terrible and the library are not good at all.,Negative
The professors are unreliable.,Negative
The wifi connection is very poor and the civil department labs are poorly maintained.,Negative
The administration process are terrible.,Negative
The hostel facilities are terrible and the teaching are too noisy.,Negative
The laboratory equipment are not helpful.,Negative
The internet connection is not helpful.,Negative
The wifi connection is hardly equipped and the hostel facilities are very slow.,Negative
The infrastructure is not helpful.,Negative
The laboratory equipment are very poor and the teachers are not helpful.,Negative
The teachers are very slow.,Negative
The professors are hardly equipped.,Negative
The teaching is very poor and the civil department labs are not helpful.,Negative
The hostel facilities are poorly maintained and the internet connection is not good at all.,Negative
The teachers are hardly equipped and the teaching are too noisy.,Negative
The professors are hardly equipped.,Negative
The teachers are very poor.,Negative
The teachers are unhygienic.,Negative
The teachers are unhygienic and the hostel facilities are too noisy.,Negative
The internet connection is very slow and the laboratory equipment are not good at all.,Negative
The classrooms are not helpful and the administration process are hardly equipped.,Negative
The hostel facilities are not helpful and the internet connection is not helpful.,Negative
The professors are unhygienic.,Negative
The hostel facilities are hardly equipped and the wifi connection is poorly maintained.,Negative
The teachers are terrible and the wifi connection is too noisy.,Negative
The professors are too noisy.,Negative
The internet connection is unhygienic and the civil department labs are not helpful.,Negative
The library is very poor.,Negative
The teachers are unhygienic.,Negative
The infrastructure is unreliable.,Negative
The internet connection is not good at all and the hostel facilities are hardly equipped.,Negative
The hostel facilities are unhygienic.,Negative
The hostel facilities are poorly maintained.,Negative
The laboratory equipment are hardly equipped.,Negative
The classrooms are hardly equipped and the teaching are very poor.,Negative
The civil department labs are very slow.,Negative
The internet connection is not good at all.,Negative
The laboratory equipment are too noisy and the teaching are not helpful.,Negative
The wifi connection is hardly equipped.,Negative
The hostel facilities are poorly maintained and the laboratory equipment are not helpful.,Negative
The teaching is unreliable and the administration process are very slow.,Negative
The teaching is very slow and the wifi connection is terrible.,Negative
The library is too noisy and the hostel facilities are unreliable.,Negative
The hostel facilities are too noisy and the teachers are poorly maintained.,Negative
The civil department labs are too noisy.,Negative
The teachers are hardly equipped and the wifi connection is hardly equipped.,Negative
The library is very poor.,Negative
The laboratory equipment are unreliable.,Negative
The internet connection is poorly maintained.,Negative
The teaching is not good at all.,Negative
The library is unhygienic and the administration process are not good at all.,Negative
The hostel facilities are not helpful and the wifi connection is not helpful.,Negative
The laboratory equipment are very slow and the administration process are not good at all.,Negative
The civil department labs are not good at all and the administration process are terrible.,Negative
The infrastructure is not helpful.,Negative
The teachers are unreliable and the wifi connection is very slow.,Negative
The infrastructure is terrible and the teachers are too noisy.,Negative
The administration process are not good at all.,Negative
The teaching is terrible and the wifi connection is not good at all.,Negative
The infrastructure is too noisy and the civil department labs are not good at all.,Negative
The classrooms are terrible.,Negative
The internet connection is terrible.,Negative
The professors are too noisy.,Negative
The laboratory equipment are poorly maintained and the professors are unhygienic.,Negative
The wifi connection is too noisy and the hostel facilities are not good at all.,Negative
The laboratory equipment are very poor.,Negative
The classrooms are terrible.,Negative
The infrastructure is too noisy and the internet connection is unreliable.,Negative
The administration process are poorly maintained.,Negative
The library is very slow and the internet connection is terrible.,Negative
The administration process are hardly equipped.,Negative
The library is poorly maintained and the civil department labs are unhygienic.,Negative
The internet connection is very slow.,Negative
The civil department labs are very poor.,Negative
The laboratory equipment are poorly maintained.,Negative
The civil department labs are terrible and the wifi connection is not good at all.,Negative
The civil department labs are very slow.,Negative
The teachers are very poor.,Negative
The administration process are poorly maintained and the laboratory equipment are not helpful.,Negative
The wifi connection is not good at all.,Negative
The internet connection is not good at all and the infrastructure is very poor.,Negative
The classrooms are not helpful and the infrastructure is not good at all.,Negative
The administration process are not good at all.,Negative
The infrastructure is poorly maintained and the civil department labs are terrible.,Negative
The teaching is very poor and the library are not helpful.,Negative
The classrooms are poorly maintained and the internet connection is unreliable.,Negative
The college library hours should be extended during exams.,Neutral
"The college library is fine, just typical college stuff.",Neutral
"The college library is fine, just typical college stuff.",Neutral
The college library hours should be extended during exams.,Neutral
"The infrastructure is fine, just typical college stuff.",Neutral
The course content is doing a decent job overall.,Neutral
The college library is doing a decent job overall.,Neutral
The canteen food is doing a decent job overall.,Neutral
"The administration process is fine, just typical college stuff.",Neutral
The infrastructure is average.,Neutral
The infrastructure is doing a decent job overall.,Neutral
"The course content is okay, but it could be better.",Neutral
The infrastructure is average.,Neutral
The college library is open from 9 AM to 5 PM.,Neutral
The canteen food is average.,Neutral
The course content is doing a decent job overall.,Neutral
"The course content is okay, but it could be better.",Neutral
The administration process is doing a decent job overall.,Neutral
"The administration process is fine, just typical college stuff.",Neutral
"The canteen food is fine, just typical college stuff.",Neutral
The management is open from 9 AM to 5 PM.,Neutral
The infrastructure is doing a decent job overall.,Neutral
The infrastructure hours should be extended during exams.,Neutral
"The infrastructure is okay, but it could be better.",Neutral
"The management is standard, neither good nor bad.",Neutral
"The administration process is fine, just typical college stuff.",Neutral
"The infrastructure is okay, but it could be better.",Neutral
"The course content is okay, but it could be better.",Neutral
The canteen food is open from 9 AM to 5 PM.,Neutral
The administration process is open from 9 AM to 5 PM.,Neutral
The college library is open from 9 AM to 5 PM.,Neutral
"The course content is okay, but it could be better.",Neutral
The management is open from 9 AM to 5 PM.,Neutral
The course content is open from 9 AM to 5 PM.,Neutral
"The course content is okay, but it could be better.",Neutral
"The administration process is okay, but it could be better.",Neutral
"The college library is standard, neither good nor bad.",Neutral
The course content is doing a decent job overall.,Neutral
The administration process is open from 9 AM to 5 PM.,Neutral
"The infrastructure is standard, neither good nor bad.",Neutral
"The course content is standard, neither good nor bad.",Neutral
The infrastructure is average.,Neutral
The administration process is doing a decent job overall.,Neutral
The course content hours should be extended during exams.,Neutral
The canteen food is open from 9 AM to 5 PM.,Neutral
The management is average.,Neutral
The college library is open from 9 AM to 5 PM.,Neutral
The college library is doing a decent job overall.,Neutral
"The canteen food is standard, neither good nor bad.",Neutral
The management hours should be extended during exams.,Neutral
The college library is doing a decent job overall.,Neutral
The course content is doing a decent job overall.,Neutral
The management is open from 9 AM to 5 PM.,Neutral
The canteen food hours should be extended during exams.,Neutral
The college library is doing a decent job overall.,Neutral
"The infrastructure is okay, but it could be better.",Neutral
"The management is standard, neither good nor bad.",Neutral
"The course content is fine, just typical college stuff.",Neutral
"The administration process is standard, neither good nor bad.",Neutral
The canteen food is open from 9 AM to 5 PM.,Neutral
"The management is okay, but it could be better.",Neutral
The management hours should be extended during exams.,Neutral
The administration process is doing a decent job overall.,Neutral
The course content is average.,Neutral
"The course content is standard, neither good nor bad.",Neutral
The management is average.,Neutral
The college library is doing a decent job overall.,Neutral
The college library is average.,Neutral
"The course content is okay, but it could be better.",Neutral
"The college library is fine, just typical college stuff.",Neutral
The college library is average.,Neutral
"The college library is standard, neither good nor bad.",Neutral
The canteen food is doing a decent job overall.,Neutral
"The course content is standard, neither good nor bad.",Neutral
The canteen food is average.,Neutral
The infrastructure is doing a decent job overall.,Neutral
The course content is doing a decent job overall.,Neutral
The canteen food is average.,Neutral
"The college library is fine, just typical college stuff.",Neutral
The management is average.,Neutral
"The course content is fine, just typical college stuff.",Neutral
The infrastructure is average.,Neutral
The college library hours should be extended during exams.,Neutral
The administration process is open from 9 AM to 5 PM.,Neutral
The infrastructure is average.,Neutral
The infrastructure is open from 9 AM to 5 PM.,Neutral
"The course content is standard, neither good nor bad.",Neutral
The infrastructure is doing a decent job overall.,Neutral
The management is doing a decent job overall.,Neutral
"The infrastructure is okay, but it could be better.",Neutral
The administration process hours should be extended during exams.,Neutral
"The infrastructure is standard, neither good nor bad.",Neutral
The infrastructure is open from 9 AM to 5 PM.,Neutral
The administration process hours should be extended during exams.,Neutral
"The canteen food is okay, but it could be better.",Neutral
"The administration process is standard, neither good nor bad.",Neutral
The infrastructure is doing a decent job overall.,Neutral
The canteen food hours should be extended during exams.,Neutral
The college library is doing a decent job overall.,Neutral
"The canteen food is standard, neither good nor bad.",Neutral
The college library is open from 9 AM to 5 PM.,Neutral
The teachers are good but the laboratory equipment needs improvement.,Neutral
